NPI_taxonomy_code,NPI_taxononmy_value,FHIR_mapping_1,FHIR_mapping_2,FHIR_mapping_3,FHIR_mapping_4
193200000X,MULTI-SPECIALTY,prov,dept,,
193400000X,SINGLE SPECIALTY ,prov,dept,,
207K00000X,ALLERGY & IMMUNOLOGY,prov,dept,,
207KA0200X,ALLERGY,prov,dept,,
207KI0005X,CLINICAL & LABORATORY IMMUNOLOGY,prov,dept,,
207L00000X,ANESTHESIOLOGY,prov,dept,,
207LA0401X,ADDICTION MEDICINE,prov,dept,,
207LC0200X,CRITICAL CARE MEDICINE,prov,dept,,
207LH0002X,HOSPICE AND PALLIATIVE MEDICINE,prov,dept,,
207LP2900X,PAIN MEDICINE,prov,dept,,
207LP3000X,PEDIATRIC ANESTHESIOLOGY,prov,dept,,
208U00000X,CLINICAL PHARMACOLOGY,prov,dept,,
208C00000X,COLON & RECTAL SURGERY,prov,dept,,
207N00000X,DERMATOLOGY,prov,dept,,
207NI0002X,CLINICAL & LABORATORY DERMATOLOGICAL IMMUNOLOGY,prov,dept,,
207ND0900X,DERMATOPATHOLOGY,prov,dept,,
207ND0101X,MOHS-MICROGRAPHIC SURGERY,prov,dept,,
207NP0225X,PEDIATRIC DERMATOLOGY,prov,dept,,
207NS0135X,PROCEDURAL DERMATOLOGY,prov,dept,,
204R00000X,ELECTRODIAGNOSTIC MEDICINE,prov,dept,,
207P00000X,EMERGENCY MEDICINE,prov,dept,,
207PE0004X,EMERGENCY MEDICAL SERVICES,prov,dept,,
207PH0002X,HOSPICE AND PALLIATIVE MEDICINE,prov,dept,,
207PT0002X,MEDICAL TOXICOLOGY,prov,dept,,
207PP0204X,PEDIATRIC EMERGENCY MEDICINE,prov,dept,,
207PS0010X,SPORTS MEDICINE,prov,dept,,
207PE0005X,UNDERSEA AND HYPERBARIC MEDICINE,prov,dept,,
207Q00000X,FAMILY MEDICINE,prov,dept,,
207QA0401X,ADDICTION MEDICINE,prov,dept,,
207QA0000X,ADOLESCENT MEDICINE,prov,dept,,
207QA0505X,ADULT MEDICINE,prov,dept,,
207QG0300X,GERIATRIC MEDICINE,prov,dept,,
207QH0002X,HOSPICE AND PALLIATIVE MEDICINE,prov,dept,,
207QB0002X,OBESITY MEDICINE,prov,dept,,
207QS1201X,SLEEP MEDICINE,prov,dept,,
207QS0010X,SPORTS MEDICINE,prov,dept,,
208D00000X,GENERAL PRACTICE,prov,dept,,
208M00000X,HOSPITALIST,prov,dept,,
202C00000X,INDEPENDENT MEDICAL EXAMINER,prov,dept,,
207R00000X,INTERNAL MEDICINE,prov,dept,,
207RA0401X,ADDICTION MEDICINE,prov,dept,,
207RA0000X,ADOLESCENT MEDICINE,prov,dept,,
207RA0002X,ADULT CONGENITAL HEART DISEASE,prov,dept,,
207RA0001X,ADVANCED HEART FAILURE AND TRANSPLANT CARDIOLOGY,prov,dept,,
207RA0201X,ALLERGY & IMMUNOLOGY,prov,dept,,
207RC0000X,CARDIOVASCULAR DISEASE,prov,dept,,
207RI0001X,CLINICAL & LABORATORY IMMUNOLOGY,prov,dept,,
207RC0001X,CLINICAL CARDIAC ELECTROPHYSIOLOGY,prov,dept,,
207RC0200X,CRITICAL CARE MEDICINE,prov,dept,,
207RE0101X,"ENDOCRINOLOGY, DIABETES & METABOLISM",prov,dept,,
207RG0100X,GASTROENTEROLOGY,prov,dept,,
207RG0300X,GERIATRIC MEDICINE,prov,dept,,
207RH0000X,HEMATOLOGY,prov,dept,,
207RH0003X,HEMATOLOGY & ONCOLOGY,prov,dept,,
207RI0008X,HEPATOLOGY,prov,dept,,
207RH0002X,HOSPICE AND PALLIATIVE MEDICINE,prov,dept,,
207RH0005X,HYPERTENSION SPECIALIST,prov,dept,,
207RI0200X,INFECTIOUS DISEASE,prov,dept,,
207RI0011X,INTERVENTIONAL CARDIOLOGY,prov,dept,,
207RM1200X,MAGNETIC RESONANCE IMAGING (MRI),prov,dept,,
207RX0202X,MEDICAL ONCOLOGY,prov,dept,,
207RN0300X,NEPHROLOGY,prov,dept,,
207RB0002X,OBESITY MEDICINE,prov,dept,,
207RP1001X,PULMONARY DISEASE,prov,dept,,
207RR0500X,RHEUMATOLOGY,prov,dept,,
207RS0012X,SLEEP MEDICINE,prov,dept,,
207RS0010X,SPORTS MEDICINE,prov,dept,,
207RT0003X,TRANSPLANT HEPATOLOGY,prov,dept,,
209800000X,LEGAL MEDICINE,prov,dept,,
207SG0202X,CLINICAL BIOCHEMICAL GENETICS,prov,dept,,
207SC0300X,CLINICAL CYTOGENETICS,prov,dept,,
207SG0201X,CLINICAL GENETICS (M.D.),prov,dept,,
207SG0203X,CLINICAL MOLECULAR GENETICS,prov,dept,,
207SM0001X,MOLECULAR GENETIC PATHOLOGY,prov,dept,,
207SG0205X,PH.D. MEDICAL GENETICS,prov,dept,,
207T00000X,NEUROLOGICAL SURGERY,prov,dept,,
204D00000X,NEUROMUSCULOSKELETAL MEDICINE & OMM,prov,dept,,
204C00000X,"NEUROMUSCULOSKELETAL MEDICINE, SPORTS MEDICINE",prov,dept,,
207U00000X,NUCLEAR MEDICINE,prov,dept,,
207UN0903X,IN VIVO & IN VITRO NUCLEAR MEDICINE,prov,dept,,
207UN0901X,NUCLEAR CARDIOLOGY,prov,dept,,
207UN0902X,NUCLEAR IMAGING & THERAPY,prov,dept,,
207V00000X,OBSTETRICS & GYNECOLOGY,prov,dept,,
207VC0200X,CRITICAL CARE MEDICINE,prov,dept,,
207VF0040X,FEMALE PELVIC MEDICINE AND RECONSTRUCTIVE SURGERY,prov,dept,,
207VX0201X,GYNECOLOGIC ONCOLOGY,prov,dept,,
207VG0400X,GYNECOLOGY,prov,dept,,
207VH0002X,HOSPICE AND PALLIATIVE MEDICINE,prov,dept,,
207VM0101X,MATERNAL & FETAL MEDICINE,prov,dept,,
207VB0002X,OBESITY MEDICINE,prov,dept,,
207VX0000X,OBSTETRICS ,prov,dept,,
207VE0102X,REPRODUCTIVE ENDOCRINOLOGY,prov,dept,,
207W00000X,OPHTHALMOLOGY,prov,dept,,
207WX0120X,CORNEA AND EXTERNAL DISEASES SPECIALIST,prov,dept,,
207WX0009X,GLAUCOMA SPECIALIST,prov,dept,,
207WX0109X,NEURO-OPHTHALMOLOGY,prov,dept,,
207WX0200X,OPHTHALMIC PLASTIC AND RECONSTRUCTIVE SURGERY,prov,dept,,
207WX0110X,PEDIATRIC OPHTHALMOLOGY AND STRABISMUS SPECIALIST,prov,dept,,
207WX0107X,RETINA SPECIALIST,prov,dept,,
207WX0108X,UVEITIS AND OCULAR INFLAMMATORY DISEASE,prov,dept,,
204E00000X,ORAL & MAXILLOFACIAL SURGERY,prov,dept,,
207X00000X,ORTHOPAEDIC SURGERY,prov,dept,,
207XS0114X,ADULT RECONSTRUCTIVE ORTHOPAEDIC SURGERY,prov,dept,,
207XX0004X,FOOT AND ANKLE SURGERY,prov,dept,,
207XS0106X,HAND SURGERY ,prov,dept,,
207XS0117X,ORTHOPAEDIC SURGERY OF THE SPINE,prov,dept,,
207XX0801X,ORTHOPAEDIC TRAUMA,prov,dept,,
207XP3100X,PEDIATRIC ORTHOPAEDIC SURGERY,prov,dept,,
207XX0005X,SPORTS MEDICINE,prov,dept,,
207Y00000X,OTOLARYNGOLOGY,prov,dept,,
207YS0123X,FACIAL PLASTIC SURGERY,prov,dept,,
207YX0602X,OTOLARYNGIC ALLERGY,prov,dept,,
207YX0905X,OTOLARYNGOLOGY/FACIAL PLASTIC SURGERY,prov,dept,,
207YX0901X,OTOLOGY & NEUROTOLOGY,prov,dept,,
207YP0228X,PEDIATRIC OTOLARYNGOLOGY,prov,dept,,
207YX0007X,PLASTIC SURGERY WITHIN THE HEAD & NECK,prov,dept,,
207YS0012X,SLEEP MEDICINE,prov,dept,,
208VP0014X,INTERVENTIONAL PAIN MEDICINE,prov,dept,,
208VP0000X,PAIN MEDICINE,prov,dept,,
207ZP0101X,ANATOMIC PATHOLOGY,prov,dept,,
207ZP0102X,ANATOMIC PATHOLOGY & CLINICAL PATHOLOGY,prov,dept,,
207ZB0001X,BLOOD BANKING & TRANSFUSION MEDICINE,prov,dept,,
207ZP0104X,CHEMICAL PATHOLOGY,prov,dept,,
207ZC0008X,CLINICAL INFORMATICS,prov,dept,,
207ZC0006X,CLINICAL PATHOLOGY,prov,dept,,
207ZP0105X,CLINICAL PATHOLOGY/LABORATORY MEDICINE,prov,dept,,
207ZC0500X,CYTOPATHOLOGY,prov,dept,,
207ZD0900X,DERMATOPATHOLOGY,prov,dept,,
207ZF0201X,FORENSIC PATHOLOGY,prov,dept,,
207ZH0000X,HEMATOLOGY,prov,dept,,
207ZI0100X,IMMUNOPATHOLOGY,prov,dept,,
207ZM0300X,MEDICAL MICROBIOLOGY,prov,dept,,
207ZP0007X,MOLECULAR GENETIC PATHOLOGY,prov,dept,,
207ZN0500X,NEUROPATHOLOGY,prov,dept,,
207ZP0213X,PEDIATRIC PATHOLOGY,prov,dept,,
208000000X,PEDIATRICS,prov,dept,,
2080A0000X,ADOLESCENT MEDICINE,prov,dept,,
2080C0008X,CHILD ABUSE PEDIATRICS,prov,dept,,
2080I0007X,CLINICAL & LABORATORY IMMUNOLOGY,prov,dept,,
2080P0006X,DEVELOPMENTAL - BEHAVIORAL PEDIATRICS,prov,dept,,
2080H0002X,HOSPICE AND PALLIATIVE MEDICINE,prov,dept,,
2080T0002X,MEDICAL TOXICOLOGY,prov,dept,,
2080N0001X,NEONATAL-PERINATAL MEDICINE,prov,dept,,
2080P0008X,NEURODEVELOPMENTAL DISABILITIES,prov,dept,,
2080B0002X,OBESITY MEDICINE,prov,dept,,
2080P0201X,PEDIATRIC ALLERGY/IMMUNOLOGY,prov,dept,,
2080P0202X,PEDIATRIC CARDIOLOGY,prov,dept,,
2080P0203X,PEDIATRIC CRITICAL CARE MEDICINE,prov,dept,,
2080P0204X,PEDIATRIC EMERGENCY MEDICINE,prov,dept,,
2080P0205X,PEDIATRIC ENDOCRINOLOGY,prov,dept,,
2080P0206X,PEDIATRIC GASTROENTEROLOGY,prov,dept,,
2080P0207X,PEDIATRIC HEMATOLOGY-ONCOLOGY,prov,dept,,
2080P0208X,PEDIATRIC INFECTIOUS DISEASES,prov,dept,,
2080P0210X,PEDIATRIC NEPHROLOGY,prov,dept,,
2080P0214X,PEDIATRIC PULMONOLOGY,prov,dept,,
2080P0216X,PEDIATRIC RHEUMATOLOGY,prov,dept,,
2080T0004X,PEDIATRIC TRANSPLANT HEPATOLOGY,prov,dept,,
2080S0012X,SLEEP MEDICINE,prov,dept,,
2080S0010X,SPORTS MEDICINE,prov,dept,,
202K00000X,PHLEBOLOGY,prov,dept,,
208100000X,PHYSICAL MEDICINE & REHABILITATION,prov,dept,,
2081P0301X,BRAIN INJURY MEDICINE,prov,dept,,
2081H0002X,HOSPICE AND PALLIATIVE MEDICINE,prov,dept,,
2081N0008X,NEUROMUSCULAR MEDICINE,prov,dept,,
2081P2900X,PAIN MEDICINE,prov,dept,,
2081P0010X,PEDIATRIC REHABILITATION MEDICINE,prov,dept,,
2081P0004X,SPINAL CORD INJURY MEDICINE,prov,dept,,
2081S0010X,SPORTS MEDICINE,prov,dept,,
208200000X,PLASTIC SURGERY,prov,dept,,
2082S0099X,PLASTIC SURGERY WITHIN THE HEAD AND NECK,prov,dept,,
2082S0105X,SURGERY OF THE HAND,prov,dept,,
2083A0300X,ADDICTION MEDICINE,prov,dept,,
2083A0100X,AEROSPACE MEDICINE,prov,dept,,
2083C0008X,CLINICAL INFORMATICS,prov,dept,,
2083T0002X,MEDICAL TOXICOLOGY,prov,dept,,
2083B0002X,OBESITY MEDICINE,prov,dept,,
2083X0100X,OCCUPATIONAL MEDICINE,prov,dept,,
2083P0500X,PREVENTIVE MEDICINE/OCCUPATIONAL ENVIRONMENTAL MEDICINE,prov,dept,,
2083P0901X,PUBLIC HEALTH & GENERAL PREVENTIVE MEDICINE,prov,dept,,
2083S0010X,SPORTS MEDICINE,prov,dept,,
2083P0011X,UNDERSEA AND HYPERBARIC MEDICINE ,prov,dept,,
2084A0401X,ADDICTION MEDICINE,prov,dept,,
2084P0802X,ADDICTION PSYCHIATRY,prov,dept,,
2084B0040X,BEHAVIORAL NEUROLOGY & NEUROPSYCHIATRY,prov,dept,,
2084P0301X,BRAIN INJURY MEDICINE,prov,dept,,
2084P0804X,CHILD & ADOLESCENT PSYCHIATRY,prov,dept,,
2084N0600X,CLINICAL NEUROPHYSIOLOGY ,prov,dept,,
2084D0003X,DIAGNOSTIC NEUROIMAGING,prov,dept,,
2084F0202X,FORENSIC PSYCHIATRY,prov,dept,,
2084P0805X,GERIATRIC PSYCHIATRY,prov,dept,,
2084H0002X,HOSPICE AND PALLIATIVE MEDICINE,prov,dept,,
2084A2900X,NEUROCRITICAL CARE,prov,dept,,
2084P0005X,NEURODEVELOPMENTAL DISABILITIES,prov,dept,,
2084N0400X,NEUROLOGY,prov,dept,,
2084N0402X,NEUROLOGY WITH SPECIAL QUALIFICATIONS IN CHILD NEUROLOGY ,prov,dept,,
2084N0008X,NEUROMUSCULAR MEDICINE,prov,dept,,
2084B0002X,OBESITY MEDICINE,prov,dept,,
2084P2900X,PAIN MEDICINE,prov,dept,,
2084P0800X,PSYCHIATRY,prov,dept,,
2084P0015X,PSYCHOSOMATIC MEDICINE,prov,dept,,
2084S0012X,SLEEP MEDICINE,prov,dept,,
2084S0010X,SPORTS MEDICINE,prov,dept,,
2084V0102X,VASCULAR NEUROLOGY,prov,dept,,
2085B0100X,BODY IMAGING,prov,dept,,
2085D0003X,DIAGNOSTIC NEUROIMAGING,prov,dept,,
2085R0202X,DIAGNOSTIC RADIOLOGY,prov,dept,,
2085U0001X,DIAGNOSTIC ULTRASOUND ,prov,dept,,
2085H0002X,HOSPICE AND PALLIATIVE MEDICINE,prov,dept,,
2085N0700X,NEURORADIOLOGY,prov,dept,,
2085N0904X,NUCLEAR RADIOLOGY,prov,dept,,
2085P0229X,PEDIATRIC RADIOLOGY,prov,dept,,
2085R0001X,RADIATION ONCOLOGY,prov,dept,,
2085R0205X,RADIOLOGICAL PHYSICS,prov,dept,,
2085R0203X,THERAPEUTIC RADIOLOGY,prov,dept,,
2085R0204X,VASCULAR & INTERVENTIONAL RADIOLOGY,prov,dept,,
208600000X,SURGERY,prov,dept,,
2086H0002X,HOSPICE AND PALLIATIVE MEDICINE,prov,dept,,
2086S0120X,PEDIATRIC SURGERY,prov,dept,,
2086S0122X,PLASTIC AND RECONSTRUCTIVE SURGERY,prov,dept,,
2086S0105X,SURGERY OF THE HAND,prov,dept,,
2086S0102X,SURGICAL CRITICAL CARE,prov,dept,,
2086X0206X,SURGICAL ONCOLOGY,prov,dept,,
2086S0127X,TRAUMA SURGERY,prov,dept,,
2086S0129X,VASCULAR SURGERY,prov,dept,,
208G00000X,THORACIC SURGERY (CARDIOTHORACIC VASCULAR SURGERY),prov,dept,,
204F00000X,TRANSPLANT SURGERY,prov,dept,,
208800000X,UROLOGY,prov,dept,,
2088F0040X,FEMALE PELVIC MEDICINE AND RECONSTRUCTIVE SURGERY,prov,dept,,
2088P0231X,PEDIATRIC UROLOGY,prov,dept,,
106E00000X,ASSISTANT BEHAVIOR ANALYST,prov,dept,,
103K00000X,BEHAVIOR ANALYST,prov,dept,,
106S00000X,BEHAVIOR TECHNICIAN,prov,dept,,
103G00000X,CLINICAL NEUROPSYCHOLOGIST,prov,dept,,
103GC0700X,CLINICAL,prov,dept,,
101Y00000X,COUNSELOR,prov,dept,,
101YA0400X,ADDICTION (SUBSTANCE USE DISORDER),prov,dept,,
101YM0800X,MENTAL HEALTH,prov,dept,,
101YP1600X,PASTORAL,prov,dept,,
101YP2500X,PROFESSIONAL,prov,dept,,
101YS0200X,SCHOOL,prov,dept,,
106H00000X,MARRIAGE & FAMILY THERAPIST,prov,dept,,
102X00000X,POETRY THERAPIST,prov,dept,,
102L00000X,PSYCHOANALYST,prov,dept,,
103T00000X,PSYCHOLOGIST,prov,dept,,
103TA0400X,ADDICTION (SUBSTANCE USE DISORDER),prov,dept,,
103TA0700X,ADULT DEVELOPMENT & AGING,prov,dept,,
103TC0700X,CLINICAL,prov,dept,,
103TC2200X,CLINICAL CHILD & ADOLESCENT,prov,dept,,
103TB0200X,COGNITIVE & BEHAVIORAL,prov,dept,,
103TC1900X,COUNSELING,prov,dept,,
103TE1000X,EDUCATIONAL,prov,dept,,
103TE1100X,EXERCISE & SPORTS,prov,dept,,
103TF0000X,FAMILY,prov,dept,,
103TF0200X,FORENSIC,prov,dept,,
103TP2701X,GROUP PSYCHOTHERAPY,prov,dept,,
103TH0004X,HEALTH,prov,dept,,
103TH0100X,HEALTH SERVICE,prov,dept,,
103TM1700X,MEN & MASCULINITY,prov,dept,,
103TM1800X,MENTAL RETARDATION & DEVELOPMENTAL DISABILITIES,prov,dept,,
103TP0016X,PRESCRIBING (MEDICAL),prov,dept,,
103TP0814X,PSYCHOANALYSIS,prov,dept,,
103TP2700X,PSYCHOTHERAPY,prov,dept,,
103TR0400X,REHABILITATION,prov,dept,,
103TS0200X,SCHOOL,prov,dept,,
103TW0100X,WOMEN,prov,dept,,
104100000X,SOCIAL WORKER,prov,dept,,
1041C0700X,CLINICAL,prov,dept,,
1041S0200X,SCHOOL,prov,dept,,
111N00000X,CHIROPRACTOR,prov,dept,,
111NI0013X,INDEPENDENT MEDICAL EXAMINER,prov,dept,,
111NI0900X,INTERNIST,prov,dept,,
111NN0400X,NEUROLOGY,prov,dept,,
111NN1001X,NUTRITION,prov,dept,,
111NX0100X,OCCUPATIONAL HEALTH,prov,dept,,
111NX0800X,ORTHOPEDIC,prov,dept,,
111NP0017X,PEDIATRIC CHIROPRACTOR,prov,dept,,
111NR0200X,RADIOLOGY,prov,dept,,
111NR0400X,REHABILITATION,prov,dept,,
111NS0005X,SPORTS PHYSICIAN,prov,dept,,
111NT0100X,THERMOGRAPHY,prov,dept,,
125K00000X,ADVANCED PRACTICE DENTAL THERAPIST,prov,dept,,
126800000X,DENTAL ASSISTANT,prov,dept,,
124Q00000X,DENTAL HYGIENIST,prov,dept,,
126900000X,DENTAL LABORATORY TECHNICIAN,prov,dept,,
125J00000X,DENTAL THERAPIST,prov,dept,,
122300000X,DENTIST,prov,dept,,
1223D0001X,DENTAL PUBLIC HEALTH,prov,dept,,
1223D0004X,DENTIST ANESTHESIOLOGIST,prov,dept,,
1223E0200X,ENDODONTICS,prov,dept,,
1223G0001X,GENERAL PRACTICE,prov,dept,,
1223P0106X,ORAL AND MAXILLOFACIAL PATHOLOGY,prov,dept,,
1223X0008X,ORAL AND MAXILLOFACIAL RADIOLOGY,prov,dept,,
1223S0112X,ORAL AND MAXILLOFACIAL SURGERY,prov,dept,,
1223X0400X,ORTHODONTICS AND DENTOFACIAL ORTHOPEDICS,prov,dept,,
1223P0221X,PEDIATRIC DENTISTRY ,prov,dept,,
1223P0300X,PERIODONTICS,prov,dept,,
1223P0700X,PROSTHODONTICS,prov,dept,,
122400000X,DENTURIST,prov,dept,,
125Q00000X,ORAL MEDICINIST,prov,dept,,
132700000X,DIETARY MANAGER,prov,dept,,
136A00000X,"DIETETIC TECHNICIAN, REGISTERED",prov,dept,,
133V00000X,"DIETITIAN, REGISTERED",prov,dept,,
133VN1006X,"NUTRITION, METABOLIC",prov,dept,,
133VN1004X,"NUTRITION, PEDIATRIC",prov,dept,,
133VN1005X,"NUTRITION, RENAL",prov,dept,,
133N00000X,NUTRITIONIST,prov,dept,,
133NN1002X,"NUTRITION, EDUCATION",prov,dept,,
146N00000X,"EMERGENCY MEDICAL TECHNICIAN, BASIC",prov,dept,,
146M00000X,"EMERGENCY MEDICAL TECHNICIAN, INTERMEDIATE",prov,dept,,
146L00000X,"EMERGENCY MEDICAL TECHNICIAN, PARAMEDIC",prov,dept,,
146D00000X,PERSONAL EMERGENCY RESPONSE ATTENDANT,prov,dept,,
152W00000X,OPTOMETRIST,prov,dept,,
152WC0802X,CORNEAL AND CONTACT MANAGEMENT,prov,dept,,
152WL0500X,LOW VISION REHABILITATION,prov,dept,,
152WX0102X,OCCUPATIONAL VISION,prov,dept,,
152WP0200X,PEDIATRICS,prov,dept,,
152WS0006X,SPORTS VISION,prov,dept,,
152WV0400X,VISION THERAPY,prov,dept,,
156F00000X,TECHNICIAN/TECHNOLOGIST,prov,dept,,
156FC0800X,CONTACT LENS,prov,dept,,
156FC0801X,CONTACT LENS FITTER,prov,dept,,
156FX1700X,OCULARIST,prov,dept,,
156FX1100X,OPHTHALMIC,prov,dept,,
156FX1101X,OPHTHALMIC ASSISTANT,prov,dept,,
156FX1800X,OPTICIAN,prov,dept,,
156FX1201X,OPTOMETRIC ASSISTANT,prov,dept,,
156FX1202X,OPTOMETRIC TECHNICIAN,prov,dept,,
156FX1900X,ORTHOPTIST,prov,dept,,
164W00000X,LICENSED PRACTICAL NURSE,prov,dept,,
167G00000X,LICENSED PSYCHIATRIC TECHNICIAN,prov,dept,,
164X00000X,LICENSED VOCATIONAL NURSE,prov,dept,,
163W00000X,REGISTERED NURSE,prov,dept,,
163WA0400X,ADDICTION (SUBSTANCE USE DISORDER),prov,dept,,
163WA2000X,ADMINISTRATOR,prov,dept,,
163WP2201X,AMBULATORY CARE,prov,dept,,
163WC3500X,CARDIAC REHABILITATION,prov,dept,,
163WC0400X,CASE MANAGEMENT,prov,dept,,
163WC1400X,COLLEGE HEALTH,prov,dept,,
163WC1500X,COMMUNITY HEALTH,prov,dept,,
163WC2100X,CONTINENCE CARE,prov,dept,,
163WC1600X,CONTINUING EDUCATION/STAFF DEVELOPMENT,prov,dept,,
163WC0200X,CRITICAL CARE MEDICINE,prov,dept,,
163WD0400X,DIABETES EDUCATOR,prov,dept,,
163WD1100X,"DIALYSIS, PERITONEAL",prov,dept,,
163WE0003X,EMERGENCY,prov,dept,,
163WE0900X,ENTEROSTOMAL THERAPY,prov,dept,,
163WF0300X,FLIGHT,prov,dept,,
163WG0100X,GASTROENTEROLOGY,prov,dept,,
163WG0000X,GENERAL PRACTICE,prov,dept,,
163WG0600X,GERONTOLOGY,prov,dept,,
163WH0500X,HEMODIALYSIS,prov,dept,,
163WH0200X,HOME HEALTH,prov,dept,,
163WH1000X,HOSPICE,prov,dept,,
163WI0600X,INFECTION CONTROL,prov,dept,,
163WI0500X,INFUSION THERAPY,prov,dept,,
163WL0100X,LACTATION CONSULTANT,prov,dept,,
163WM0102X,MATERNAL NEWBORN,prov,dept,,
163WM0705X,MEDICAL-SURGICAL,prov,dept,,
163WN0002X,NEONATAL INTENSIVE CARE,prov,dept,,
163WN0003X,"NEONATAL, LOW-RISK",prov,dept,,
163WN0300X,NEPHROLOGY,prov,dept,,
163WN0800X,NEUROSCIENCE,prov,dept,,
163WM1400X,NURSE MASSAGE THERAPIST (NMT),prov,dept,,
163WN1003X,NUTRITION SUPPORT,prov,dept,,
163WX0002X,"OBSTETRIC, HIGH-RISK",prov,dept,,
163WX0003X,"OBSTETRIC, INPATIENT",prov,dept,,
163WX0106X,OCCUPATIONAL HEALTH,prov,dept,,
163WX0200X,ONCOLOGY,prov,dept,,
163WX1100X,OPHTHALMIC,prov,dept,,
163WX0800X,ORTHOPEDIC,prov,dept,,
163WX1500X,OSTOMY CARE,prov,dept,,
163WX0601X,OTORHINOLARYNGOLOGY & HEAD-NECK,prov,dept,,
163WP0000X,PAIN MANAGEMENT,prov,dept,,
163WP0218X,PEDIATRIC ONCOLOGY,prov,dept,,
163WP0200X,PEDIATRICS,prov,dept,,
163WP1700X,PERINATAL,prov,dept,,
163WS0121X,PLASTIC SURGERY,prov,dept,,
163WP0808X,PSYCHIATRIC/MENTAL HEALTH,prov,dept,,
163WP0809X,"PSYCHIATRIC/MENTAL HEALTH, ADULT",prov,dept,,
163WP0807X,"PSYCHIATRIC/MENTAL HEALTH, CHILD & ADOLESCENT",prov,dept,,
163WR0006X,REGISTERED NURSE FIRST ASSISTANT,prov,dept,,
163WR0400X,REHABILITATION,prov,dept,,
163WR1000X,REPRODUCTIVE ENDOCRINOLOGY/INFERTILITY,prov,dept,,
163WS0200X,SCHOOL,prov,dept,,
163WU0100X,UROLOGY,prov,dept,,
163WW0101X,"WOMEN'S HEALTH CARE, AMBULATORY",prov,dept,,
163WW0000X,WOUND CARE,prov,dept,,
372600000X,ADULT COMPANION,prov,dept,,
372500000X,CHORE PROVIDER,prov,dept,,
373H00000X,DAY TRAINING/HABILITATION SPECIALIST,prov,dept,,
374J00000X,DOULA,prov,dept,,
374U00000X,HOME HEALTH AIDE,prov,dept,,
376J00000X,HOMEMAKER,prov,dept,,
376K00000X,NURSE'S AIDE,prov,dept,,
376G00000X,NURSING HOME ADMINISTRATOR,prov,dept,,
374T00000X,RELIGIOUS NONMEDICAL NURSING PERSONNEL,prov,dept,,
374K00000X,RELIGIOUS NONMEDICAL PRACTITIONER,prov,dept,,
374700000X,TECHNICIAN,prov,dept,,
3747A0650X,ATTENDANT CARE PROVIDER,prov,dept,,
3747P1801X,PERSONAL CARE ATTENDANT,prov,dept,,
171100000X,ACUPUNCTURIST,prov,dept,,
171M00000X,CASE MANAGER/CARE COORDINATOR,prov,dept,,
174V00000X,CLINICAL ETHICIST,prov,dept,,
172V00000X,COMMUNITY HEALTH WORKER,prov,dept,,
171W00000X,CONTRACTOR,prov,dept,,
171WH0202X,HOME MODIFICATIONS,prov,dept,,
171WV0202X,VEHICLE MODIFICATIONS,prov,dept,,
172A00000X,DRIVER,prov,dept,,
176P00000X,FUNERAL DIRECTOR,prov,dept,,
170300000X,"GENETIC COUNSELOR, MS",prov,dept,,
174H00000X,HEALTH EDUCATOR,prov,dept,,
175L00000X,HOMEOPATH,prov,dept,,
171R00000X,INTERPRETER,prov,dept,,
174N00000X,"LACTATION CONSULTANT, NON-RN",prov,dept,,
173000000X,LEGAL MEDICINE,prov,dept,,
172M00000X,MECHANOTHERAPIST,prov,dept,,
170100000X,"MEDICAL GENETICS, PH.D. MEDICAL GENETICS",prov,dept,,
176B00000X,MIDWIFE,prov,dept,,
175M00000X,"MIDWIFE, LAY",prov,dept,,
171000000X,MILITARY HEALTH CARE PROVIDER,prov,dept,,
1710I1002X,INDEPENDENT DUTY CORPSMAN,prov,dept,,
1710I1003X,INDEPENDENT DUTY MEDICAL TECHNICIANS,prov,dept,,
172P00000X,NAPRAPATH,prov,dept,,
175F00000X,NATUROPATH,prov,dept,,
175T00000X,PEER SPECIALIST,prov,dept,,
405300000X,PREVENTION PROFESSIONAL,prov,dept,,
173C00000X,REFLEXOLOGIST,prov,dept,,
173F00000X,"SLEEP SPECIALIST, PHD",prov,dept,,
174400000X,SPECIALIST,prov,dept,,
1744G0900X,GRAPHICS DESIGNER,prov,dept,,
1744P3200X,PROSTHETICS CASE MANAGEMENT,prov,dept,,
1744R1103X,RESEARCH DATA ABSTRACTER/CODER,prov,dept,,
1744R1102X,RESEARCH STUDY,prov,dept,,
174M00000X,VETERINARIAN,prov,dept,,
174MM1900X,MEDICAL RESEARCH,prov,dept,,
183500000X,PHARMACIST,prov,dept,,
1835P2201X,AMBULATORY CARE,prov,dept,,
1835C0205X,CRITICAL CARE,prov,dept,,
1835G0000X,GENERAL PRACTICE,prov,dept,,
1835G0303X,GERIATRIC,prov,dept,,
1835N0905X,NUCLEAR,prov,dept,,
1835N1003X,NUTRITION SUPPORT,prov,dept,,
1835X0200X,ONCOLOGY,prov,dept,,
1835P0200X,PEDIATRICS,prov,dept,,
1835P0018X,PHARMACIST CLINICIAN (PHC)/ CLINICAL PHARMACY SPECIALIST,prov,dept,,
1835P1200X,PHARMACOTHERAPY,prov,dept,,
1835P1300X,PSYCHIATRIC,prov,dept,,
183700000X,PHARMACY TECHNICIAN,prov,dept,,
367A00000X,ADVANCED PRACTICE MIDWIFE,prov,dept,,
367H00000X,ANESTHESIOLOGIST ASSISTANT,prov,dept,,
364S00000X,CLINICAL NURSE SPECIALIST,prov,dept,,
364SA2100X,ACUTE CARE,prov,dept,,
364SA2200X,ADULT HEALTH,prov,dept,,
364SC2300X,CHRONIC CARE,prov,dept,,
364SC1501X,COMMUNITY HEALTH/PUBLIC HEALTH,prov,dept,,
364SC0200X,CRITICAL CARE MEDICINE,prov,dept,,
364SE0003X,EMERGENCY,prov,dept,,
364SE1400X,ETHICS,prov,dept,,
364SF0001X,FAMILY HEALTH,prov,dept,,
364SG0600X,GERONTOLOGY,prov,dept,,
364SH1100X,HOLISTIC,prov,dept,,
364SH0200X,HOME HEALTH,prov,dept,,
364SI0800X,INFORMATICS,prov,dept,,
364SL0600X,LONG-TERM CARE,prov,dept,,
364SM0705X,MEDICAL-SURGICAL,prov,dept,,
364SN0000X,NEONATAL,prov,dept,,
364SN0800X,NEUROSCIENCE,prov,dept,,
364SX0106X,OCCUPATIONAL HEALTH,prov,dept,,
364SX0200X,ONCOLOGY,prov,dept,,
364SX0204X,"ONCOLOGY, PEDIATRICS",prov,dept,,
364SP0200X,PEDIATRICS,prov,dept,,
364SP1700X,PERINATAL,prov,dept,,
364SP2800X,PERIOPERATIVE,prov,dept,,
364SP0808X,PSYCHIATRIC/MENTAL HEALTH,prov,dept,,
364SP0809X,"PSYCHIATRIC/MENTAL HEALTH, ADULT",prov,dept,,
364SP0807X,"PSYCHIATRIC/MENTAL HEALTH, CHILD & ADOLESCENT",prov,dept,,
364SP0810X,"PSYCHIATRIC/MENTAL HEALTH, CHILD & FAMILY",prov,dept,,
364SP0811X,"PSYCHIATRIC/MENTAL HEALTH, CHRONICALLY ILL",prov,dept,,
364SP0812X,"PSYCHIATRIC/MENTAL HEALTH, COMMUNITY",prov,dept,,
364SP0813X,"PSYCHIATRIC/MENTAL HEALTH, GEROPSYCHIATRIC",prov,dept,,
364SR0400X,REHABILITATION,prov,dept,,
364SS0200X,SCHOOL,prov,dept,,
364ST0500X,TRANSPLANTATION,prov,dept,,
364SW0102X,WOMEN'S HEALTH,prov,dept,,
367500000X,"NURSE ANESTHETIST, CERTIFIED REGISTERED",prov,dept,,
363L00000X,NURSE PRACTITIONER,prov,dept,,
363LA2100X,ACUTE CARE,prov,dept,,
363LA2200X,ADULT HEALTH,prov,dept,,
363LC1500X,COMMUNITY HEALTH,prov,dept,,
363LC0200X,CRITICAL CARE MEDICINE,prov,dept,,
363LF0000X,FAMILY,prov,dept,,
363LG0600X,GERONTOLOGY,prov,dept,,
363LN0000X,NEONATAL,prov,dept,,
363LN0005X,"NEONATAL, CRITICAL CARE",prov,dept,,
363LX0001X,OBSTETRICS & GYNECOLOGY,prov,dept,,
363LX0106X,OCCUPATIONAL HEALTH,prov,dept,,
363LP0200X,PEDIATRICS,prov,dept,,
363LP0222X,"PEDIATRICS, CRITICAL CARE",prov,dept,,
363LP1700X,PERINATAL,prov,dept,,
363LP2300X,PRIMARY CARE,prov,dept,,
363LP0808X,PSYCHIATRIC/MENTAL HEALTH,prov,dept,,
363LS0200X,SCHOOL,prov,dept,,
363LW0102X,WOMEN'S HEALTH,prov,dept,,
363A00000X,PHYSICIAN ASSISTANT,prov,dept,,
363AM0700X,MEDICAL,prov,dept,,
363AS0400X,SURGICAL,prov,dept,,
211D00000X,"ASSISTANT, PODIATRIC",prov,dept,,
213E00000X,PODIATRIST,prov,dept,,
213ES0103X,FOOT & ANKLE SURGERY,prov,dept,,
213ES0131X,FOOT SURGERY,prov,dept,,
213EG0000X,GENERAL PRACTICE,prov,dept,,
213EP1101X,PRIMARY PODIATRIC MEDICINE,prov,dept,,
213EP0504X,PUBLIC MEDICINE,prov,dept,,
213ER0200X,RADIOLOGY,prov,dept,,
213ES0000X,SPORTS MEDICINE,prov,dept,,
229N00000X,ANAPLASTOLOGIST,prov,dept,,
221700000X,ART THERAPIST,prov,dept,,
224Y00000X,CLINICAL EXERCISE PHYSIOLOGIST,prov,dept,,
225600000X,DANCE THERAPIST,prov,dept,,
222Q00000X,DEVELOPMENTAL THERAPIST,prov,dept,,
226300000X,KINESIOTHERAPIST,prov,dept,,
225700000X,MASSAGE THERAPIST,prov,dept,,
224900000X,MASTECTOMY FITTER,prov,dept,,
225A00000X,MUSIC THERAPIST,prov,dept,,
225X00000X,OCCUPATIONAL THERAPIST,prov,dept,,
225XR0403X,DRIVING AND COMMUNITY MOBILITY,prov,dept,,
225XE0001X,ENVIRONMENTAL MODIFICATION ,prov,dept,,
225XE1200X,ERGONOMICS,prov,dept,,
225XF0002X,"FEEDING, EATING & SWALLOWING",prov,dept,,
225XG0600X,GERONTOLOGY,prov,dept,,
225XH1200X,HAND,prov,dept,,
225XH1300X,HUMAN FACTORS,prov,dept,,
225XL0004X,LOW VISION,prov,dept,,
225XM0800X,MENTAL HEALTH,prov,dept,,
225XN1300X,NEUROREHABILITATION,prov,dept,,
225XP0200X,PEDIATRICS,prov,dept,,
225XP0019X,PHYSICAL REHABILITATION,prov,dept,,
224Z00000X,OCCUPATIONAL THERAPY ASSISTANT,prov,dept,,
224ZR0403X,DRIVING AND COMMUNITY MOBILITY,prov,dept,,
224ZE0001X,ENVIRONMENTAL MODIFICATION ,prov,dept,,
224ZF0002X,"FEEDING, EATING & SWALLOWING",prov,dept,,
224ZL0004X,LOW VISION,prov,dept,,
225000000X,ORTHOTIC FITTER,prov,dept,,
222Z00000X,ORTHOTIST,prov,dept,,
224L00000X,PEDORTHIST,prov,dept,,
225100000X,PHYSICAL THERAPIST,prov,dept,,
2251C2600X,CARDIOPULMONARY,prov,dept,,
2251E1300X,"ELECTROPHYSIOLOGY, CLINICAL",prov,dept,,
2251E1200X,ERGONOMICS,prov,dept,,
2251G0304X,GERIATRICS,prov,dept,,
2251H1200X,HAND,prov,dept,,
2251H1300X,HUMAN FACTORS,prov,dept,,
2251N0400X,NEUROLOGY,prov,dept,,
2251X0800X,ORTHOPEDIC,prov,dept,,
2251P0200X,PEDIATRICS,prov,dept,,
2251S0007X,SPORTS,prov,dept,,
225200000X,PHYSICAL THERAPY ASSISTANT,prov,dept,,
224P00000X,PROSTHETIST,prov,dept,,
225B00000X,PULMONARY FUNCTION TECHNOLOGIST,prov,dept,,
225800000X,RECREATION THERAPIST,prov,dept,,
226000000X,RECREATIONAL THERAPIST ASSISTANT,prov,dept,,
225C00000X,REHABILITATION COUNSELOR,prov,dept,,
225CA2400X,ASSISTIVE TECHNOLOGY PRACTITIONER,prov,dept,,
225CA2500X,ASSISTIVE TECHNOLOGY SUPPLIER,prov,dept,,
225CX0006X,ORIENTATION AND MOBILITY TRAINING PROVIDER,prov,dept,,
225400000X,REHABILITATION PRACTITIONER,prov,dept,,
227800000X,"RESPIRATORY THERAPIST, CERTIFIED",prov,dept,,
2278C0205X,CRITICAL CARE,prov,dept,,
2278E1000X,EDUCATIONAL,prov,dept,,
2278E0002X,EMERGENCY CARE,prov,dept,,
2278G1100X,GENERAL CARE,prov,dept,,
2278G0305X,GERIATRIC CARE,prov,dept,,
2278H0200X,HOME HEALTH,prov,dept,,
2278P3900X,NEONATAL/PEDIATRICS,prov,dept,,
2278P3800X,PALLIATIVE/HOSPICE,prov,dept,,
2278P4000X,PATIENT TRANSPORT,prov,dept,,
2278P1004X,PULMONARY DIAGNOSTICS,prov,dept,,
2278P1006X,PULMONARY FUNCTION TECHNOLOGIST,prov,dept,,
2278P1005X,PULMONARY REHABILITATION,prov,dept,,
2278S1500X,SNF/SUBACUTE CARE,prov,dept,,
227900000X,"RESPIRATORY THERAPIST, REGISTERED",prov,dept,,
2279C0205X,CRITICAL CARE,prov,dept,,
2279E1000X,EDUCATIONAL,prov,dept,,
2279E0002X,EMERGENCY CARE,prov,dept,,
2279G1100X,GENERAL CARE,prov,dept,,
2279G0305X,GERIATRIC CARE,prov,dept,,
2279H0200X,HOME HEALTH,prov,dept,,
2279P3900X,NEONATAL/PEDIATRICS,prov,dept,,
2279P3800X,PALLIATIVE/HOSPICE,prov,dept,,
2279P4000X,PATIENT TRANSPORT,prov,dept,,
2279P1004X,PULMONARY DIAGNOSTICS,prov,dept,,
2279P1006X,PULMONARY FUNCTION TECHNOLOGIST,prov,dept,,
2279P1005X,PULMONARY REHABILITATION,prov,dept,,
2279S1500X,SNF/SUBACUTE CARE,prov,dept,,
225500000X,SPECIALIST/TECHNOLOGIST,prov,dept,,
2255A2300X,ATHLETIC TRAINER,prov,dept,,
2255R0406X,"REHABILITATION, BLIND",prov,dept,,
231H00000X,AUDIOLOGIST,prov,dept,,
231HA2400X,ASSISTIVE TECHNOLOGY PRACTITIONER,prov,dept,,
231HA2500X,ASSISTIVE TECHNOLOGY SUPPLIER,prov,dept,,
237600000X,AUDIOLOGIST-HEARING AID FITTER,prov,dept,,
237700000X,HEARING INSTRUMENT SPECIALIST,prov,dept,,
235500000X,SPECIALIST/TECHNOLOGIST,prov,dept,,
2355A2700X,AUDIOLOGY ASSISTANT,prov,dept,,
2355S0801X,SPEECH-LANGUAGE ASSISTANT,prov,dept,,
235Z00000X,SPEECH-LANGUAGE PATHOLOGIST,prov,dept,,
390200000X,STUDENT IN AN ORGANIZED HEALTH CARE EDUCATION/TRAINING PROGRAM,prov,dept,,
242T00000X,PERFUSIONIST,prov,dept,,
247100000X,RADIOLOGIC TECHNOLOGIST,prov,dept,,
2471B0102X,BONE DENSITOMETRY,prov,dept,,
2471C1106X,CARDIAC-INTERVENTIONAL TECHNOLOGY,prov,dept,,
2471C1101X,CARDIOVASCULAR-INTERVENTIONAL TECHNOLOGY,prov,dept,,
2471C3401X,COMPUTED TOMOGRAPHY,prov,dept,,
2471M1202X,MAGNETIC RESONANCE IMAGING ,prov,dept,,
2471M2300X,MAMMOGRAPHY,prov,dept,,
2471N0900X,NUCLEAR MEDICINE TECHNOLOGY,prov,dept,,
2471Q0001X,QUALITY MANAGEMENT,prov,dept,,
2471R0002X,RADIATION THERAPY,prov,dept,,
2471C3402X,RADIOGRAPHY,prov,dept,,
2471S1302X,SONOGRAPHY,prov,dept,,
2471V0105X,VASCULAR SONOGRAPHY,prov,dept,,
2471V0106X,VASCULAR-INTERVENTIONAL TECHNOLOGY,prov,dept,,
243U00000X,RADIOLOGY PRACTITIONER ASSISTANT,prov,dept,,
246X00000X,SPECIALIST/TECHNOLOGIST CARDIOVASCULAR,prov,dept,,
246XC2901X,CARDIOVASCULAR INVASIVE SPECIALIST,prov,dept,,
246XS1301X,SONOGRAPHY,prov,dept,,
246XC2903X,VASCULAR SPECIALIST,prov,dept,,
246Y00000X,"SPECIALIST/TECHNOLOGIST, HEALTH INFORMATION",prov,dept,,
246YC3301X,"CODING SPECIALIST, HOSPITAL BASED",prov,dept,,
246YC3302X,"CODING SPECIALIST, PHYSICIAN OFFICE BASED",prov,dept,,
246YR1600X,REGISTERED RECORD ADMINISTRATOR,prov,dept,,
246Z00000X,"SPECIALIST/TECHNOLOGIST, OTHER",prov,dept,,
246ZA2600X,"ART, MEDICAL",prov,dept,,
246ZB0500X,BIOCHEMIST,prov,dept,,
246ZB0301X,BIOMEDICAL ENGINEERING,prov,dept,,
246ZB0302X,BIOMEDICAL PHOTOGRAPHER,prov,dept,,
246ZB0600X,BIOSTATISTICIAN,prov,dept,,
246ZE0500X,EEG,prov,dept,,
246ZE0600X,ELECTRONEURODIAGNOSTIC,prov,dept,,
246ZG1000X,"GENETICIST, MEDICAL (PHD)",prov,dept,,
246ZG0701X,GRAPHICS METHODS,prov,dept,,
246ZI1000X,"ILLUSTRATION, MEDICAL",prov,dept,,
246ZN0300X,NEPHROLOGY,prov,dept,,
246ZX2200X,ORTHOPEDIC ASSISTANT,prov,dept,,
246ZC0007X,SURGICAL ASSISTANT,prov,dept,,
246ZS0410X,SURGICAL TECHNOLOGIST,prov,dept,,
246Q00000X,"SPECIALIST/TECHNOLOGIST, PATHOLOGY",prov,dept,,
246QB0000X,BLOOD BANKING,prov,dept,,
246QC1000X,CHEMISTRY,prov,dept,,
246QC2700X,CYTOTECHNOLOGY,prov,dept,,
246QH0401X,HEMAPHERESIS PRACTITIONER,prov,dept,,
246QH0000X,HEMATOLOGY,prov,dept,,
246QH0600X,HISTOLOGY,prov,dept,,
246QI0000X,IMMUNOLOGY,prov,dept,,
246QL0900X,LABORATORY MANAGEMENT,prov,dept,,
246QL0901X,"LABORATORY MANAGEMENT, DIPLOMATE",prov,dept,,
246QM0706X,MEDICAL TECHNOLOGIST,prov,dept,,
246QM0900X,MICROBIOLOGY,prov,dept,,
246W00000X,"TECHNICIAN, CARDIOLOGY",prov,dept,,
247000000X,"TECHNICIAN, HEALTH INFORMATION",prov,dept,,
2470A2800X,ASSISTANT RECORD TECHNICIAN,prov,dept,,
247200000X,"TECHNICIAN, OTHER",prov,dept,,
2472B0301X,BIOMEDICAL ENGINEERING,prov,dept,,
2472D0500X,DARKROOM,prov,dept,,
2472E0500X,EEG,prov,dept,,
2472R0900X,RENAL DIALYSIS,prov,dept,,
2472V0600X,VETERINARY,prov,dept,,
246R00000X,"TECHNICIAN, PATHOLOGY",prov,dept,,
247ZC0005X,"CLINICAL LABORATORY DIRECTOR, NON-PHYSICIAN",prov,dept,,
246RH0600X,HISTOLOGY,prov,dept,,
246RM2200X,MEDICAL LABORATORY,prov,dept,,
246RP1900X,PHLEBOTOMY,prov,dept,,
251300000X,LOCAL EDUCATION AGENCY (LEA),cg,govt,,
251B00000X,CASE MANAGEMENT,prov,,,
251S00000X,COMMUNITY/BEHAVIORAL HEALTH,prov,,,
251C00000X,"DAY TRAINING, DEVELOPMENTALLY DISABLED SERVICES",prov,,,
252Y00000X,EARLY INTERVENTION PROVIDER AGENCY,prov,,,
253J00000X,FOSTER CARE AGENCY,prov,,,
251E00000X,HOME HEALTH,prov,,,
251F00000X,HOME INFUSION,prov,,,
251G00000X,"HOSPICE CARE, COMMUNITY BASED",prov,,,
253Z00000X,IN HOME SUPPORTIVE CARE,prov,,,
251J00000X,NURSING CARE,prov,,,
251T00000X,PROGRAM OF ALL-INCLUSIVE CARE FOR THE ELDERLY (PACE) PROVIDER ORGANIZATION,prov,,,
251K00000X,PUBLIC HEALTH OR WELFARE,prov,,,
251X00000X,SUPPORTS BROKERAGE,prov,,,
251V00000X,VOLUNTARY OR CHARITABLE,cg,oth,reli,prov
261Q00000X,CLINIC/CENTER,prov,dept,,
261QM0855X,ADOLESCENT AND CHILDREN MENTAL HEALTH,prov,dept,,
261QA0600X,ADULT DAY CARE,prov,dept,,
261QM0850X,ADULT MENTAL HEALTH ,prov,dept,,
261QA0005X,AMBULATORY FAMILY PLANNING FACILITY ,prov,dept,,
261QA0006X,AMBULATORY FERTILITY FACILITY ,prov,dept,,
261QA1903X,AMBULATORY SURGICAL,prov,dept,,
261QA0900X,AMPUTEE ,prov,dept,,
261QA3000X,AUGMENTATIVE COMMUNICATION ,prov,dept,,
261QB0400X,BIRTHING,prov,dept,,
261QC1500X,COMMUNITY HEALTH,prov,dept,,
261QC1800X,CORPORATE HEALTH,prov,dept,,
261QC0050X,CRITICAL ACCESS HOSPITAL ,prov,dept,,
261QD0000X,DENTAL,prov,dept,,
261QD1600X,DEVELOPMENTAL DISABILITIES ,prov,dept,,
261QE0002X,EMERGENCY CARE,prov,dept,,
261QE0800X,ENDOSCOPY,prov,dept,,
261QE0700X,END-STAGE RENAL DISEASE (ESRD) TREATMENT,prov,dept,,
261QF0050X,"FAMILY PLANNING, NON-SURGICAL",prov,dept,,
261QF0400X,FEDERALLY QUALIFIED HEALTH CENTER (FQHC),prov,dept,,
261QG0250X,GENETICS ,prov,dept,,
261QH0100X,HEALTH SERVICE,prov,dept,,
261QH0700X,HEARING AND SPEECH,prov,dept,,
261QI0500X,INFUSION THERAPY,prov,dept,,
261QL0400X,LITHOTRIPSY,prov,dept,,
261QM1200X,MAGNETIC RESONANCE IMAGING (MRI),prov,dept,,
261QM2500X,MEDICAL SPECIALTY ,prov,dept,,
261QM3000X,MEDICALLY FRAGILE INFANTS AND CHILDREN DAY CARE,prov,dept,,
261QM0801X,MENTAL HEALTH (INCLUDING COMMUNITY MENTAL HEALTH CENTER),prov,dept,,
261QM2800X,METHADONE ,prov,dept,,
261QM1000X,MIGRANT HEALTH,prov,dept,,
261QM1103X,MILITARY AMBULATORY PROCEDURE VISITS OPERATIONAL (TRANSPORTABLE),govt,prov,dept,
261QM1101X,MILITARY AND U.S. COAST GUARD AMBULATORY PROCEDURE,govt,prov,dept,
261QM1102X,MILITARY OUTPATIENT OPERATIONAL (TRANSPORTABLE) COMPONENT,govt,prov,dept,
261QM1100X,MILITARY/U.S. COAST GUARD OUTPATIENT,govt,prov,dept,
261QM1300X,MULTI-SPECIALTY,prov,dept,,
261QX0100X,OCCUPATIONAL MEDICINE,prov,dept,,
261QX0200X,ONCOLOGY,prov,dept,,
261QX0203X,"ONCOLOGY, RADIATION",prov,dept,,
261QS0132X,OPHTHALMOLOGIC SURGERY,prov,dept,,
261QS0112X,ORAL AND MAXILLOFACIAL SURGERY,prov,dept,,
261QP3300X,PAIN,prov,dept,,
261QP2000X,PHYSICAL THERAPY,prov,dept,,
261QP1100X,PODIATRIC,prov,dept,,
261QP2300X,PRIMARY CARE,prov,dept,,
261QP2400X,PRISON HEALTH,prov,dept,,
261QP0904X,"PUBLIC HEALTH, FEDERAL",govt,prov,dept,
261QP0905X,"PUBLIC HEALTH, STATE OR LOCAL",govt,prov,dept,
261QR0200X,RADIOLOGY,prov,dept,,
261QR0206X,"RADIOLOGY, MAMMOGRAPHY",prov,dept,,
261QR0208X,"RADIOLOGY, MOBILE",prov,dept,,
261QR0207X,"RADIOLOGY, MOBILE MAMMOGRAPHY",prov,dept,,
261QR0800X,RECOVERY CARE,prov,dept,,
261QR0400X,REHABILITATION,prov,dept,,
261QR0404X,"REHABILITATION, CARDIAC FACILITIES",prov,dept,,
261QR0401X,"REHABILITATION, COMPREHENSIVE OUTPATIENT REHABILITATION FACILITY (CORF)",prov,dept,,
261QR0405X,"REHABILITATION, SUBSTANCE USE DISORDER",prov,dept,,
261QR1100X,RESEARCH,crs,prov,dept,
261QR1300X,RURAL HEALTH,prov,dept,,
261QS1200X,SLEEP DISORDER DIAGNOSTIC,prov,dept,,
261QS1000X,STUDENT HEALTH,prov,dept,,
261QU0200X,URGENT CARE,prov,dept,,
261QV0200X,VA,govt,,,
273100000X,EPILEPSY UNIT,dept,,,
275N00000X,MEDICARE DEFINED SWING BED UNIT,dept,,,
273R00000X,PSYCHIATRIC UNIT,dept,,,
273Y00000X,REHABILITATION UNIT,dept,,,
276400000X,"REHABILITATION, SUBSTANCE USE DISORDER UNIT",dept,,,
287300000X,CHRISTIAN SCIENCE SANITORIUM,prov,,,
281P00000X,CHRONIC DISEASE HOSPITAL,prov,,,
281PC2000X,CHILDREN,prov,,,
282N00000X,GENERAL ACUTE CARE HOSPITAL,prov,,,
282NC2000X,CHILDREN,prov,,,
282NC0060X,CRITICAL ACCESS ,prov,,,
282NR1301X,RURAL,prov,,,
282NW0100X,WOMEN,prov,,,
282E00000X,LONG TERM CARE HOSPITAL,prov,,,
286500000X,MILITARY HOSPITAL,govt,prov,,
2865C1500X,COMMUNITY HEALTH,govt,prov,,
2865M2000X,MILITARY GENERAL ACUTE CARE HOSPITAL,govt,prov,,
2865X1600X,MILITARY GENERAL ACUTE CARE HOSPITAL. OPERATIONAL (TRANSPORTABLE),govt,prov,,
283Q00000X,PSYCHIATRIC HOSPITAL,prov,,,
283X00000X,REHABILITATION HOSPITAL,prov,,,
283XC2000X,CHILDREN,prov,,,
282J00000X,RELIGIOUS NONMEDICAL HEALTH CARE INSTITUTION,reli,prov,,
284300000X,SPECIAL HOSPITAL,prov,,,
291U00000X,CLINICAL MEDICAL LABORATORY,prov,dept,,
292200000X,DENTAL LABORATORY,prov,dept,,
291900000X,MILITARY CLINICAL MEDICAL LABORATORY,govt,prov,dept,
293D00000X,PHYSIOLOGICAL LABORATORY,prov,dept,,
302F00000X,EXCLUSIVE PROVIDER ORGANIZATION,ins,,,
302R00000X,HEALTH MAINTENANCE ORGANIZATION,ins,,,
305S00000X,POINT OF SERVICE,ins,,,
305R00000X,PREFERRED PROVIDER ORGANIZATION,ins,,,
311500000X,ALZHEIMER CENTER (DEMENTIA CENTER),prov,dept,,
310400000X,ASSISTED LIVING FACILITY,prov,dept,,
3104A0630X,"ASSISTED LIVING, BEHAVIORAL DISTURBANCES",prov,dept,,
3104A0625X,"ASSISTED LIVING, MENTAL ILLNESS",prov,dept,,
317400000X,CHRISTIAN SCIENCE FACILITY,prov,dept,,
311Z00000X,CUSTODIAL CARE FACILITY,prov,dept,,
311ZA0620X,ADULT CARE HOME,prov,dept,,
315D00000X,"HOSPICE, INPATIENT",prov,dept,,
310500000X,"INTERMEDIATE CARE FACILITY, MENTAL ILLNESS ",prov,dept,,
315P00000X,"INTERMEDIATE CARE FACILITY, MENTALLY RETARDED",prov,dept,,
313M00000X,NURSING FACILITY/INTERMEDIATE CARE FACILITY,prov,dept,,
314000000X,SKILLED NURSING FACILITY,prov,dept,,
3140N1450X,"NURSING CARE, PEDIATRIC",prov,dept,,
177F00000X,LODGING,other,,,
174200000X,MEALS,other,,,
320800000X,"COMMUNITY BASED RESIDENTIAL TREATMENT FACILITY, MENTAL ILLNESS",prov,dept,,
320900000X,"COMMUNITY BASED RESIDENTIAL TREATMENT FACILITY, MENTAL RETARDATION AND/OR DEVELOPMENTAL DISABILITIES",prov,dept,,
323P00000X,PSYCHIATRIC RESIDENTIAL TREATMENT FACILITY,prov,dept,,
322D00000X,"RESIDENTIAL TREATMENT FACILITY, EMOTIONALLY DISTURBED CHILDREN",prov,dept,,
320600000X,"RESIDENTIAL TREATMENT FACILITY, MENTAL RETARDATION AND/OR DEVELOPMENTAL DISABILITIES",prov,dept,,
320700000X,"RESIDENTIAL TREATMENT FACILITY, PHYSICAL DISABILITIES",prov,dept,,
324500000X,SUBSTANCE ABUSE REHABILITATION FACILITY,prov,dept,,
3245S0500X,"SUBSTANCE ABUSE TREATMENT, CHILDREN",prov,dept,,
385H00000X,RESPITE CARE,prov,dept,,
385HR2050X,RESPITE CARE CAMP,prov,dept,,
385HR2055X,"RESPITE CARE, MENTAL ILLNESS, CHILD",prov,dept,,
385HR2060X,"RESPITE CARE, MENTAL RETARDATION AND/OR DEVELOPMENTAL DISABILITIES",prov,dept,,
385HR2065X,"RESPITE CARE, PHYSICAL DISABILITIES, CHILD",prov,dept,,
331L00000X,BLOOD BANK,prov,dept,,
332100000X,DEPARTMENT OF VETERANS AFFAIRS (VA) PHARMACY,prov,govt,,
332B00000X,DURABLE MEDICAL EQUIPMENT & MEDICAL SUPPLIES,prov,,,
332BC3200X,CUSTOMIZED EQUIPMENT,prov,,,
332BD1200X,DIALYSIS EQUIPMENT & SUPPLIES,prov,,,
332BN1400X,NURSING FACILITY SUPPLIES,prov,,,
332BX2000X,OXYGEN EQUIPMENT & SUPPLIES,prov,,,
332BP3500X,PARENTERAL & ENTERAL NUTRITION,prov,,,
333300000X,EMERGENCY RESPONSE SYSTEM COMPANIES,prov,,,
332G00000X,EYE BANK,prov,,,
332H00000X,EYEWEAR SUPPLIER,prov,,,
332S00000X,HEARING AID EQUIPMENT,prov,,,
332U00000X,HOME DELIVERED MEALS,prov,,,
332800000X,INDIAN HEALTH SERVICE/TRIBAL/URBAN INDIAN HEALTH (I/T/U) PHARMACY,prov,,,
335G00000X,MEDICAL FOODS SUPPLIER,prov,,,
332000000X,MILITARY/U.S. COAST GUARD PHARMACY,prov,govt,,
332900000X,NON-PHARMACY DISPENSING SITE,prov,,,
335U00000X,ORGAN PROCUREMENT ORGANIZATION,prov,,,
333600000X,PHARMACY,prov,,,
3336C0002X,CLINIC PHARMACY,prov,,,
3336C0003X,COMMUNITY/RETAIL PHARMACY,prov,,,
3336C0004X,COMPOUNDING PHARMACY,prov,,,
3336H0001X,HOME INFUSION THERAPY PHARMACY,prov,,,
3336I0012X,INSTITUTIONAL PHARMACY,prov,,,
3336L0003X,LONG TERM CARE PHARMACY,prov,,,
3336M0002X,MAIL ORDER PHARMACY,prov,,,
3336M0003X,MANAGED CARE ORGANIZATION PHARMACY,prov,,,
3336N0007X,NUCLEAR PHARMACY,prov,,,
3336S0011X,SPECIALTY PHARMACY,prov,,,
335V00000X,PORTABLE X-RAY AND/OR OTHER PORTABLE DIAGNOSTIC IMAGING SUPPLIER,prov,,,
335E00000X,PROSTHETIC/ORTHOTIC SUPPLIER,prov,,,
344800000X,AIR CARRIER,bus,,,
341600000X,AMBULANCE,other,,,
3416A0800X,AIR TRANSPORT,other,,,
3416L0300X,LAND TRANSPORT,other,,,
3416S0300X,WATER TRANSPORT,other,,,
347B00000X,BUS,bus,,,
341800000X,MILITARY/U.S. COAST GUARD TRANSPORT,govt,other,,
3418M1120X,"MILITARY OR U.S. COAST GUARD AMBULANCE, AIR TRANSPORT",govt,other,,
3418M1110X,"MILITARY OR U.S. COAST GUARD AMBULANCE, GROUND TRANSPORT",govt,other,,
3418M1130X,"MILITARY OR U.S. COAST GUARD AMBULANCE, WATER TRANSPORT",govt,other,,
343900000X,NON-EMERGENCY MEDICAL TRANSPORT (VAN),other,,,
347C00000X,PRIVATE VEHICLE,other,,,
343800000X,SECURED MEDICAL TRANSPORT (VAN),bus,,,
344600000X,TAXI,other,,,
347D00000X,TRAIN,bus,,,
347E00000X,TRANSPORTATION BROKER,bus,,,
